Workbook
Name Max_EUC: Results!$F$2
Name Max_HYP: Results!$H$2
Name Max_OP: Results!$B$2
Name Max_OPP: Results!$D$2
Name Raw_EUC: Results!$E$2
Name Raw_HYP: Results!$G$2
Name Raw_OP: Results!$A$2
Name Raw_OPP: Results!$C$2

Sheet Questions
G1: 1. OP | I1: 2. OPP | K1: 3. EU-C | M1: 4. HYP
B2: QID | C2: Vraag (ja / nee) | D2: Hoe belangrijk is dit voor jou? | E2: Numerieke factor | F2: Antwoord | G2: Ja | H2: Nee | I2: Ja | J2: Nee | K2: Ja | L2: Nee | M2: Ja | N2: Nee | O2: OP_Score | P2: OPP_Score | Q2: EUC_Score | R2: HYP_Score | S2: OP_Max | T2: OPP_Max | U2: EUC_Max | V2: HYP_Max
B3: 1 | C3: De oplossing vereist veel maatwerk | D3: Extra | E3: =IF(D3="Minder", 0.5, IF(D3="Normaal", 1, IF(D3="Extra", 2, ""))) -> 2 | F3: Ja | G3: 10 | H3: 0 | I3: 10 | J3: 0 | K3: 10 | L3: 2 | M3: 10 | N3: 8 | O3: =IF($F3="Ja", $G3, $H3) * $E3 -> 20 | P3: =IF($F3="Ja", $I3, $J3) * $E3 -> 20 | Q3: =IF($F3="Ja", $K3, $L3) * $E3 -> 20 | R3: =IF($F3="Ja", $M3, $N3) * $E3 -> 20 | S3: =MAX($G3,$H3) * $E3 -> 20 | T3: =MAX($I3,$J3) * $E3 -> 20 | U3: =MAX($K3,$L3)*$E3 -> 20 | V3: =MAX($M3,$N3) * $E3 -> 20
B4: 2 | C4: Dient een MVP binnen 3 maanden operationeel zijn? | D4: Extra | E4: =IF(D4="Minder", 0.5, IF(D4="Normaal", 1, IF(D4="Extra", 2, ""))) -> 2 | F4: Ja | G4: 0 | H4: 10 | I4: 0 | J4: 8 | K4: 4 | L4: 10 | M4: 10 | N4: 10 | O4: =IF($F4="Ja", $G4, $H4) * $E4 -> 0 | P4: =IF($F4="Ja", $I4, $J4) * $E4 -> 0 | Q4: =IF($F4="Ja", $K4, $L4) * $E4 -> 8 | R4: =IF($F4="Ja", $M4, $N4) * $E4 -> 20 | S4: =MAX($G4,$H4) * $E4 -> 20 | T4: =MAX($I4,$J4) * $E4 -> 16 | U4: =MAX($K4,$L4)*$E4 -> 20 | V4: =MAX($M4,$N4) * $E4 -> 20
B5: 3 | C5: Is er met enige regelmaat noodzaak tot updates? (DevOps-cultuur)? | D5: Normaal | E5: =IF(D5="Minder", 0.5, IF(D5="Normaal", 1, IF(D5="Extra", 2, ""))) -> 1 | F5: Ja | G5: 2 | H5: 10 | I5: 0 | J5: 10 | K5: 8 | L5: 10 | M5: 10 | N5: 10 | O5: =IF($F5="Ja", $G5, $H5) * $E5 -> 2 | P5: =IF($F5="Ja", $I5, $J5) * $E5 -> 0 | Q5: =IF($F5="Ja", $K5, $L5) * $E5 -> 8 | R5: =IF($F5="Ja", $M5, $N5) * $E5 -> 10 | S5: =MAX($G5,$H5) * $E5 -> 10 | T5: =MAX($I5,$J5) * $E5 -> 10 | U5: =MAX($K5,$L5)*$E5 -> 10 | V5: =MAX($M5,$N5) * $E5 -> 10
B6: 4 | C6: Is belangrijk is het om binnen 12 mnd te kunnen migreren? | D6: Normaal | E6: =IF(D6="Minder", 0.5, IF(D6="Normaal", 1, IF(D6="Extra", 2, ""))) -> 1 | F6: Nee | G6: 10 | H6: 10 | I6: 4 | J6: 10 | K6: 8 | L6: 10 | M6: 2 | N6: 10 | O6: =IF($F6="Ja", $G6, $H6) * $E6 -> 10 | P6: =IF($F6="Ja", $I6, $J6) * $E6 -> 10 | Q6: =IF($F6="Ja", $K6, $L6) * $E6 -> 10 | R6: =IF($F6="Ja", $M6, $N6) * $E6 -> 10 | S6: =MAX($G6,$H6) * $E6 -> 10 | T6: =MAX($I6,$J6) * $E6 -> 10 | U6: =MAX($K6,$L6)*$E6 -> 10 | V6: =MAX($M6,$N6) * $E6 -> 10
B7: 5 | C7: Gebruik je bij voorkeur open-source software? | D7: Normaal | E7: =IF(D7="Minder", 0.5, IF(D7="Normaal", 1, IF(D7="Extra", 2, ""))) -> 1 | G7: 10 | H7: 0 | I7: 10 | J7: 2 | K7: 10 | L7: 4 | M7: 10 | N7: 10 | O7: =IF($F7="Ja", $G7, $H7) * $E7 -> 0 | P7: =IF($F7="Ja", $I7, $J7) * $E7 -> 2 | Q7: =IF($F7="Ja", $K7, $L7) * $E7 -> 4 | R7: =IF($F7="Ja", $M7, $N7) * $E7 -> 10 | S7: =MAX($G7,$H7) * $E7 -> 10 | T7: =MAX($I7,$J7) * $E7 -> 10 | U7: =MAX($K7,$L7)*$E7 -> 10 | V7: =MAX($M7,$N7) * $E7 -> 10 | Y7: 1. On Premise | Z7: 2. On Premise Partner | AA7: 3. EU Cloud | AB7: 4. Hyperscaler
B8: 6 | C8: Maakt de oplossing gebruik van hooggerubriceerde data? | D8: Normaal | E8: =IF(D8="Minder", 0.5, IF(D8="Normaal", 1, IF(D8="Extra", 2, ""))) -> 1 | F8: Ja | G8: 10 | H8: 10 | I8: 10 | J8: 10 | K8: 6 | L8: 10 | M8: 0 | N8: 10 | O8: =IF($F8="Ja", $G8, $H8) * $E8 -> 10 | P8: =IF($F8="Ja", $I8, $J8) * $E8 -> 10 | Q8: =IF($F8="Ja", $K8, $L8) * $E8 -> 6 | R8: =IF($F8="Ja", $M8, $N8) * $E8 -> 0 | S8: =MAX($G8,$H8) * $E8 -> 10 | T8: =MAX($I8,$J8) * $E8 -> 10 | U8: =MAX($K8,$L8)*$E8 -> 10 | V8: =MAX($M8,$N8) * $E8 -> 10 | Y8: =IF(KO!$B$4=1,"N/A", Raw_OP / Max_OP * 100) -> 61.666667 | Z8: =IF(KO!$B$5=1,"N/A", Raw_OPP / Max_OPP * 100) -> 63.559322 | AA8: =IF(KO!$B$6=1,"N/A", Raw_EUC / Max_EUC * 100) -> 75 | AB8: =IF(KO!$B$7=1,"N/A", Raw_HYP / Max_HYP * 100) -> N/A
B9: 7 | C9: Out-of the box securityoplossingen zijn een vereiste | D9: Normaal | E9: =IF(D9="Minder", 0.5, IF(D9="Normaal", 1, IF(D9="Extra", 2, ""))) -> 1 | G9: 0 | H9: 10 | I9: 4 | J9: 10 | K9: 8 | L9: 10 | M9: 10 | N9: 10 | O9: =IF($F9="Ja", $G9, $H9) * $E9 -> 10 | P9: =IF($F9="Ja", $I9, $J9) * $E9 -> 10 | Q9: =IF($F9="Ja", $K9, $L9) * $E9 -> 10 | R9: =IF($F9="Ja", $M9, $N9) * $E9 -> 10 | S9: =MAX($G9,$H9) * $E9 -> 10 | T9: =MAX($I9,$J9) * $E9 -> 10 | U9: =MAX($K9,$L9)*$E9 -> 10 | V9: =MAX($M9,$N9) * $E9 -> 10
B10: 8 | C10: Is er ruimte voor een CAPEX investering voor hardware/licenties? | D10: Normaal | E10: =IF(D10="Minder", 0.5, IF(D10="Normaal", 1, IF(D10="Extra", 2, ""))) -> 1 | F10: Ja | G10: 10 | H10: 0 | I10: 10 | J10: 10 | K10: 10 | L10: 10 | M10: 10 | N10: 10 | O10: =IF($F10="Ja", $G10, $H10) * $E10 -> 10 | P10: =IF($F10="Ja", $I10, $J10) * $E10 -> 10 | Q10: =IF($F10="Ja", $K10, $L10) * $E10 -> 10 | R10: =IF($F10="Ja", $M10, $N10) * $E10 -> 10 | S10: =MAX($G10,$H10) * $E10 -> 10 | T10: =MAX($I10,$J10) * $E10 -> 10 | U10: =MAX($K10,$L10)*$E10 -> 10 | V10: =MAX($M10,$N10) * $E10 -> 10 | Y10: Genormaliseerde score van 0 tot en met 100 en N/A indien niet mogelijk
B11: 9 | C11: Een voorspelbaar bedrag per maand is een vereiste (max ~10% variatie) | D11: Normaal | E11: =IF(D11="Minder", 0.5, IF(D11="Normaal", 1, IF(D11="Extra", 2, ""))) -> 1 | F11: Ja | G11: 10 | H11: 10 | I11: 10 | J11: 10 | K11: 0 | L11: 10 | M11: 0 | N11: 10 | O11: =IF($F11="Ja", $G11, $H11) * $E11 -> 10 | P11: =IF($F11="Ja", $I11, $J11) * $E11 -> 10 | Q11: =IF($F11="Ja", $K11, $L11) * $E11 -> 0 | R11: =IF($F11="Ja", $M11, $N11) * $E11 -> 0 | S11: =MAX($G11,$H11) * $E11 -> 10 | T11: =MAX($I11,$J11) * $E11 -> 10 | U11: =MAX($K11,$L11)*$E11 -> 10 | V11: =MAX($M11,$N11) * $E11 -> 10
B12: 10 | C12: Beschikt je organisatie over voldoende specialisten om de oplossing te ontwikkelen en beheren? | D12: Normaal | E12: =IF(D12="Minder", 0.5, IF(D12="Normaal", 1, IF(D12="Extra", 2, ""))) -> 1 | F12: Ja | G12: 0 | H12: 0 | I12: 0 | J12: 0 | K12: 0 | L12: 0 | M12: 0 | N12: 0 | O12: =IF($F12="Ja", $G12, $H12) * $E12 -> 0 | P12: =IF($F12="Ja", $I12, $J12) * $E12 -> 0 | Q12: =IF($F12="Ja", $K12, $L12) * $E12 -> 0 | R12: =IF($F12="Ja", $M12, $N12) * $E12 -> 0 | S12: =MAX($G12,$H12) * $E12 -> 0 | T12: =MAX($I12,$J12) * $E12 -> 0 | U12: =MAX($K12,$L12)*$E12 -> 0 | V12: =MAX($M12,$N12) * $E12 -> 0
B13: 11 | C13: Verwacht u extra specialisten te moeten inschakelen voor de realisatie van de oplossing? | D13: Normaal | E13: =IF(D13="Minder", 0.5, IF(D13="Normaal", 1, IF(D13="Extra", 2, ""))) -> 1 | F13: Ja | G13: 0 | H13: 10 | I13: 0 | J13: 10 | K13: 6 | L13: 10 | M13: 10 | N13: 10 | O13: =IF($F13="Ja", $G13, $H13) * $E13 -> 0 | P13: =IF($F13="Ja", $I13, $J13) * $E13 -> 0 | Q13: =IF($F13="Ja", $K13, $L13) * $E13 -> 6 | R13: =IF($F13="Ja", $M13, $N13) * $E13 -> 10 | S13: =MAX($G13,$H13) * $E13 -> 10 | T13: =MAX($I13,$J13) * $E13 -> 10 | U13: =MAX($K13,$L13)*$E13 -> 10 | V13: =MAX($M13,$N13) * $E13 -> 10
B14: 12 | C14: Volwaardige support is een vereiste voor een af te nemen product | D14: Normaal | E14: =IF(D14="Minder", 0.5, IF(D14="Normaal", 1, IF(D14="Extra", 2, ""))) -> 1 | F14: Ja | G14: 2 | H14: 10 | I14: 4 | J14: 10 | K14: 6 | L14: 10 | M14: 10 | N14: 10 | O14: =IF($F14="Ja", $G14, $H14) * $E14 -> 2 | P14: =IF($F14="Ja", $I14, $J14) * $E14 -> 4 | Q14: =IF($F14="Ja", $K14, $L14) * $E14 -> 6 | R14: =IF($F14="Ja", $M14, $N14) * $E14 -> 10 | S14: =MAX($G14,$H14) * $E14 -> 10 | T14: =MAX($I14,$J14) * $E14 -> 10 | U14: =MAX($K14,$L14)*$E14 -> 10 | V14: =MAX($M14,$N14) * $E14 -> 10
B15: 13 | C15: Er is een omvangrijke community voor dit type oplossing | D15: Normaal | E15: =IF(D15="Minder", 0.5, IF(D15="Normaal", 1, IF(D15="Extra", 2, ""))) -> 1 | F15: Ja | G15: 0 | H15: 10 | I15: 0 | J15: 10 | K15: 2 | L15: 10 | M15: 10 | N15: 10 | O15: =IF($F15="Ja", $G15, $H15) * $E15 -> 0 | P15: =IF($F15="Ja", $I15, $J15) * $E15 -> 0 | Q15: =IF($F15="Ja", $K15, $L15) * $E15 -> 2 | R15: =IF($F15="Ja", $M15, $N15) * $E15 -> 10 | S15: =MAX($G15,$H15) * $E15 -> 10 | T15: =MAX($I15,$J15) * $E15 -> 10 | U15: =MAX($K15,$L15)*$E15 -> 10 | V15: =MAX($M15,$N15) * $E15 -> 10
B16: 14 | C16: De LLM dient lokaal gehost te worden om maximale controle over de data te waarborgen | D16: Normaal | E16: =IF(D16="Minder", 0.5, IF(D16="Normaal", 1, IF(D16="Extra", 2, ""))) -> 1 | F16: Nee | G16: 10 | H16: 10 | I16: 6 | J16: 10 | K16: 0 | L16: 10 | M16: 0 | N16: 10 | O16: =IF($F16="Ja", $G16, $H16) * $E16 -> 10 | P16: =IF($F16="Ja", $I16, $J16) * $E16 -> 10 | Q16: =IF($F16="Ja", $K16, $L16) * $E16 -> 10 | R16: =IF($F16="Ja", $M16, $N16) * $E16 -> 10 | S16: =MAX($G16,$H16) * $E16 -> 10 | T16: =MAX($I16,$J16) * $E16 -> 10 | U16: =MAX($K16,$L16)*$E16 -> 10 | V16: =MAX($M16,$N16) * $E16 -> 10
B17: 15 | C17: Is toegang tot de nieuwste foundation-models vereist? | D17: Normaal | E17: =IF(D17="Minder", 0.5, IF(D17="Normaal", 1, IF(D17="Extra", 2, ""))) -> 1 | F17: Ja | G17: 2 | H17: 10 | I17: 2 | J17: 10 | K17: 6 | L17: 10 | M17: 10 | N17: 10 | O17: =IF($F17="Ja", $G17, $H17) * $E17 -> 2 | P17: =IF($F17="Ja", $I17, $J17) * $E17 -> 2 | Q17: =IF($F17="Ja", $K17, $L17) * $E17 -> 6 | R17: =IF($F17="Ja", $M17, $N17) * $E17 -> 10 | S17: =MAX($G17,$H17) * $E17 -> 10 | T17: =MAX($I17,$J17) * $E17 -> 10 | U17: =MAX($K17,$L17)*$E17 -> 10 | V17: =MAX($M17,$N17) * $E17 -> 10
B18: 16 | C18: Is automatische schaalvergroting bij pieken gewenst? | D18: Normaal | E18: =IF(D18="Minder", 0.5, IF(D18="Normaal", 1, IF(D18="Extra", 2, ""))) -> 1 | F18: Ja | G18: 2 | H18: 10 | I18: 2 | J18: 10 | K18: 6 | L18: 10 | M18: 10 | N18: 10 | O18: =IF($F18="Ja", $G18, $H18) * $E18 -> 2 | P18: =IF($F18="Ja", $I18, $J18) * $E18 -> 2 | Q18: =IF($F18="Ja", $K18, $L18) * $E18 -> 6 | R18: =IF($F18="Ja", $M18, $N18) * $E18 -> 10 | S18: =MAX($G18,$H18) * $E18 -> 10 | T18: =MAX($I18,$J18) * $E18 -> 10 | U18: =MAX($K18,$L18)*$E18 -> 10 | V18: =MAX($M18,$N18) * $E18 -> 10
B19: 17 | C19: De data dient enkel onderhevig te zijn aan Europese of Nederlandse wetgeving | D19: Normaal | E19: =IF(D19="Minder", 0.5, IF(D19="Normaal", 1, IF(D19="Extra", 2, ""))) -> 1 | F19: Ja | G19: 10 | H19: 10 | I19: 10 | J19: 10 | K19: 10 | L19: 10 | M19: 0 | N19: 10 | O19: =IF($F19="Ja", $G19, $H19) * $E19 -> 10 | P19: =IF($F19="Ja", $I19, $J19) * $E19 -> 10 | Q19: =IF($F19="Ja", $K19, $L19) * $E19 -> 10 | R19: =IF($F19="Ja", $M19, $N19) * $E19 -> 0 | S19: =MAX($G19,$H19) * $E19 -> 10 | T19: =MAX($I19,$J19) * $E19 -> 10 | U19: =MAX($K19,$L19)*$E19 -> 10 | V19: =MAX($M19,$N19) * $E19 -> 10
B20: 18 | C20: Wilt u uitsluitend kant-en-klare managed services? | D20: Normaal | E20: =IF(D20="Minder", 0.5, IF(D20="Normaal", 1, IF(D20="Extra", 2, ""))) -> 1 | F20: Nee | G20: 0 | H20: 10 | I20: 2 | J20: 10 | K20: 6 | L20: 10 | M20: 10 | N20: 10 | O20: =IF($F20="Ja", $G20, $H20) * $E20 -> 10 | P20: =IF($F20="Ja", $I20, $J20) * $E20 -> 10 | Q20: =IF($F20="Ja", $K20, $L20) * $E20 -> 10 | R20: =IF($F20="Ja", $M20, $N20) * $E20 -> 10 | S20: =MAX($G20,$H20) * $E20 -> 10 | T20: =MAX($I20,$J20) * $E20 -> 10 | U20: =MAX($K20,$L20)*$E20 -> 10 | V20: =MAX($M20,$N20) * $E20 -> 10
B21: 19 | C21: Is uw organisatie bereid om in beheer te investeren? | D21: Normaal | E21: =IF(D21="Minder", 0.5, IF(D21="Normaal", 1, IF(D21="Extra", 2, ""))) -> 1 | F21: Ja | G21: 10 | H21: 0 | I21: 10 | J21: 2 | K21: 10 | L21: 8 | M21: 10 | N21: 10 | O21: =IF($F21="Ja", $G21, $H21) * $E21 -> 10 | P21: =IF($F21="Ja", $I21, $J21) * $E21 -> 10 | Q21: =IF($F21="Ja", $K21, $L21) * $E21 -> 10 | R21: =IF($F21="Ja", $M21, $N21) * $E21 -> 10 | S21: =MAX($G21,$H21) * $E21 -> 10 | T21: =MAX($I21,$J21) * $E21 -> 10 | U21: =MAX($K21,$L21)*$E21 -> 10 | V21: =MAX($M21,$N21) * $E21 -> 10
B22: 20 | C22: Het product dient minimaal 99,5% van de tijd beschikbaar/bereikbaar te zijn | D22: Normaal | E22: =IF(D22="Minder", 0.5, IF(D22="Normaal", 1, IF(D22="Extra", 2, ""))) -> 1 | F22: Ja | G22: 0 | H22: 10 | I22: 0 | J22: 10 | K22: 8 | L22: 10 | M22: 10 | N22: 10 | O22: =IF($F22="Ja", $G22, $H22) * $E22 -> 0 | P22: =IF($F22="Ja", $I22, $J22) * $E22 -> 0 | Q22: =IF($F22="Ja", $K22, $L22) * $E22 -> 8 | R22: =IF($F22="Ja", $M22, $N22) * $E22 -> 10 | S22: =MAX($G22,$H22) * $E22 -> 10 | T22: =MAX($I22,$J22) * $E22 -> 10 | U22: =MAX($K22,$L22)*$E22 -> 10 | V22: =MAX($M22,$N22) * $E22 -> 10
... B25: 23 | C25: Monitoring (logging, gebruiksstatistieken etc.) dient out-of-the-box beschikbaar te zijn | D25: Normaal | E25: =IF(D25="Minder", 0.5, IF(D25="Normaal", 1, IF(D25="Extra", 2, ""))) -> 1 | F25: Nee | G25: 0 | H25: 10 | I25: 0 | J25: 10 | K25: 6 | L25: 10 | M25: 10 | N25: 10 | O25: =IF($F25="Ja", $G25, $H25) * $E25 -> 10 | P25: =IF($F25="Ja", $I25, $J25) * $E25 -> 10 | Q25: =IF($F25="Ja", $K25, $L25) * $E25 -> 10 | R25: =IF($F25="Ja", $M25, $N25) * $E25 -> 10 | S25: =MAX($G25,$H25) * $E25 -> 10 | T25: =MAX($I25,$J25) * $E25 -> 10 | U25: =MAX($K25,$L25)*$E25 -> 10 | V25: =MAX($M25,$N25) * $E25 -> 10
C30: Knock-out vraag + knock-out antwoord in optie | G30: 1. On Premise | H30: 2. On Premise Partner | I30: 3. EU Cloud | J30: 4. Hyperscaler
G31: =IF(KO!B4=1,"N/A", Raw_OP / Max_OP * 100) -> 61.666667 | H31: =IF(KO!B5=1,"N/A", Raw_OPP / Max_OPP * 100) -> 63.559322 | I31: =IF(KO!B6=1,"N/A", Raw_EUC / Max_EUC * 100) -> 75 | J31: =IF(KO!B7=1,"N/A", Raw_HYP / Max_HYP * 100) -> N/A
G32: Norm_OP | H32: Norm_OPP | I32: Norm_EUC | J32: Norm_HYP
G34: Genormaliseerde score van 0 tot en met 100 en N/A indien niet mogelijk

Sheet Sheet1

Sheet KO
A1: Tabblad voor KO toepassing. Indien KO? Geef aan welke cel Ja of Nee is pas deze toe bij 1 van de 4 opties. Formule: --(Questions!F17="Ja")
A3: Optie | B3: KO (1=ja, 0=nee)
A4: OP | B4: =--(OR(Questions!F20="Ja",Questions!F10="Nee")) -> 0
A5: OPP | B5: =0 -> 0
A6: EUC | B6: =--(Questions!F16="Ja") -> 0
A7: HYP | B7: =--(OR(Questions!F8="Ja",Questions!F19="Ja",Questions!F16="Ja")) -> 1

Sheet KO_Rules
A1: QID | B1: TriggerValue | C1: KO_Option
A2: Q06 | B2: Yes | C2: EUC
A3: Q06 | B3: Yes | C3: HYP
A4: Q14 | B4: No | C4: OP

Sheet Results
A1: Raw_OP | B1: Max_OP | C1: Raw_OPP | D1: Max_OPP | E1: Raw_EUC | F1: Max_EUC | G1: Raw_HYP | H1: Max_HYP
A2: =SUM(Questions!O:O) -> 148 | B2: =SUM(Questions!S:S) -> 240 | C2: =SUM(Questions!P:P) -> 150 | D2: =SUM(Questions!T:T) -> 236 | E2: =SUM(Questions!Q:Q) -> 180 | F2: =SUM(Questions!U:U) -> 240 | G2: =SUM(Questions!R:R) -> 210 | H2: =SUM(Questions!V:V) -> 240
A4: Opties | B4: Score | C4: Ranking
A5: Norm_EUC | B5: =IF(KO!B6=1,"N/A", Raw_EUC / Max_EUC * 100) -> 75 | C5: =IF(ISNUMBER(B5), _xlfn.RANK.EQ(B5, $B$5:$B$8, 0), "N/A") -> 1
A6: Norm_OP | B6: =IF(KO!B4=1,"N/A", Raw_OP / Max_OP * 100) -> 61.666667 | C6: =IF(ISNUMBER(B6), _xlfn.RANK.EQ(B6, $B$5:$B$8, 0), "N/A") -> 3
A7: Norm_OPP | B7: =IF(KO!B5=1,"N/A", Raw_OPP / Max_OPP * 100) -> 63.559322 | C7: =IF(ISNUMBER(B7), _xlfn.RANK.EQ(B7, $B$5:$B$8, 0), "N/A") -> 2
A8: Norm_HYP | B8: =IF(KO!B7=1,"N/A", Raw_HYP / Max_HYP * 100) -> N/A | C8: =IF(ISNUMBER(B8), _xlfn.RANK.EQ(B8, $B$5:$B$8, 0), "N/A") -> N/A
A13: =IF(ISNUMBER(C2), _xlfn.RANK.EQ(C2, $C$2:$C$3, 0), "N/A") -> 1

Sheet Documentatie

Sheet Variabelen
A1: Factor | B1: Factor | C1: Antwoord
A2: 0.5 | B2: Minder | C2: Ja
A3: 1 | B3: Normaal | C3: Nee
A4: 2 | B4: Extra

Sheet Dimensie-mapping
A1: Cluster | B1: Dimensie | C1: Toelichting | D1: Vraag (ja / nee) | E1: Antwoord | F1: Factor | G1: 1. OP | I1: 2. OPP | K1: 3. EU-C | M1: 4. HYP | P1: 1. OP | R1: 2. OPP | T1: 3. EU-C | V1: 4. HYP
G2: Ja | H2: Nee | I2: Ja | J2: Nee | K2: Ja | L2: Nee | M2: Ja | N2: Nee | O2: Knock-out toepassing | P2: Ja | Q2: Nee | R2: Ja | S2: Nee | T2: Ja | U2: Nee | V2: Ja | W2: Nee
A3: Agility | B3: Flexibiliteit / maatwerk | C3: Mate waarin infra & software aanpasbaar zijn | D3: De oplossing vereist veel maatwerk | E3: ja | F3: 1 | G3: =P3*$B$29*$F3 -> 10 | H3: =Q3*$B$29*$F3 -> 0 | I3: =R3*$B$29*$F3 -> 10 | J3: =S3*$B$29*$F3 -> 0 | K3: =T3*$B$29*$F3 -> 10 | L3: =U3*$B$29*$F3 -> 2 | M3: =V3*$B$29*$F3 -> 10 | N3: =W3*$B$29*$F3 -> 8 | P3: 5 | Q3: 0 | R3: 5 | S3: 0 | T3: 5 | U3: 1 | V3: 5 | W3: 4
A4: Agility | B4: Ontwikkelsnelheid | D4: Dient een MVP binnen 3 maanden operationeel zijn? | E4: ja | F4: 1 | G4: =P4*$B$29*$F4 -> 0 | H4: =Q4*$B$29*$F4 -> 10 | I4: =R4*$B$29*$F4 -> 0 | J4: =S4*$B$29*$F4 -> 8 | K4: =T4*$B$29*$F4 -> 4 | L4: =U4*$B$29*$F4 -> 10 | M4: =V4*$B$29*$F4 -> 10 | N4: =W4*$B$29*$F4 -> 10 | P4: 0 | Q4: 5 | R4: 0 | S4: 4 | T4: 2 | U4: 5 | V4: 5 | W4: 5
A5: Agility | B5: Flexibiliteit / maatwerk | D5: Is er met enige regelmaat noodzaak tot updates? (DevOps-cultuur)? | E5: ja | F5: 1 | G5: =P5*$B$29*$F5 -> 2 | H5: =Q5*$B$29*$F5 -> 10 | I5: =R5*$B$29*$F5 -> 0 | J5: =S5*$B$29*$F5 -> 10 | K5: =T5*$B$29*$F5 -> 8 | L5: =U5*$B$29*$F5 -> 10 | M5: =V5*$B$29*$F5 -> 10 | N5: =W5*$B$29*$F5 -> 10 | P5: 1 | Q5: 5 | R5: 0 | S5: 5 | T5: 4 | U5: 5 | V5: 5 | W5: 5
A6: Vendor-lock-in | B6: Vendor-lock-in | C6: Afhankelijkheid van één leverancier | D6: Is belangrijk is het om binnen 12 mnd te kunnen migreren? | E6: ja | F6: 1 | G6: =P6*$B$29*$F6 -> 10 | H6: =Q6*$B$29*$F6 -> 10 | I6: =R6*$B$29*$F6 -> 4 | J6: =S6*$B$29*$F6 -> 10 | K6: =T6*$B$29*$F6 -> 8 | L6: =U6*$B$29*$F6 -> 10 | M6: =V6*$B$29*$F6 -> 2 | N6: =W6*$B$29*$F6 -> 10 | P6: 5 | Q6: 5 | R6: 2 | S6: 5 | T6: 4 | U6: 5 | V6: 1 | W6: 5
A7: Vendor-lock-in | B7: Vendor-lock-in | D7: Gebruik je bij voorkeur open-source software? | E7: ja | F7: 1 | G7: =P7*$B$29*$F7 -> 10 | H7: =Q7*$B$29*$F7 -> 0 | I7: =R7*$B$29*$F7 -> 10 | J7: =S7*$B$29*$F7 -> 2 | K7: =T7*$B$29*$F7 -> 10 | L7: =U7*$B$29*$F7 -> 4 | M7: =V7*$B$29*$F7 -> 10 | N7: =W7*$B$29*$F7 -> 10 | P7: 5 | Q7: 0 | R7: 5 | S7: 1 | T7: 5 | U7: 2 | V7: 5 | W7: 5
A8: Risk & Trust | B8: Security | C8: Beveiliging van data & systemen | D8: Maakt de oplossing gebruik van hooggerubriceerde data? | E8: ja | F8: 1 | G8: =P8*$B$29*$F8 -> 10 | H8: =Q8*$B$29*$F8 -> 10 | I8: =R8*$B$29*$F8 -> 10 | J8: =S8*$B$29*$F8 -> 10 | K8: =T8*$B$29*$F8 -> 6 | L8: =U8*$B$29*$F8 -> 10 | M8: =V8*$B$29*$F8 -> 0 | N8: =W8*$B$29*$F8 -> 10 | O8: Staatsgeheimen = geen hyperscaler | P8: 5 | Q8: 5 | R8: 5 | S8: 5 | T8: 3 | U8: 5 | V8: 0 | W8: 5
A9: Risk & Trust | B9: Security | D9: Out-of the box securityoplossingen zijn een vereiste | E9: ja | F9: 1 | G9: =P9*$B$29*$F9 -> 0 | H9: =Q9*$B$29*$F9 -> 10 | I9: =R9*$B$29*$F9 -> 4 | J9: =S9*$B$29*$F9 -> 10 | K9: =T9*$B$29*$F9 -> 8 | L9: =U9*$B$29*$F9 -> 10 | M9: =V9*$B$29*$F9 -> 10 | N9: =W9*$B$29*$F9 -> 10 | P9: 0 | Q9: 5 | R9: 2 | S9: 5 | T9: 4 | U9: 5 | V9: 5 | W9: 5
A10: Kostenmodel | B10: Prijs / TCO | C10: Totale kosten (capex, opex, gebruik) | D10: Is er ruimte voor een CAPEX investering voor hardware/licenties? | E10: ja | F10: 1 | G10: =P10*$B$29*$F10 -> 10 | H10: =Q10*$B$29*$F10 -> 0 | I10: =R10*$B$29*$F10 -> 10 | J10: =S10*$B$29*$F10 -> 10 | K10: =T10*$B$29*$F10 -> 10 | L10: =U10*$B$29*$F10 -> 10 | M10: =V10*$B$29*$F10 -> 10 | N10: =W10*$B$29*$F10 -> 10 | O10: Geen capex = geen on-prem | P10: 5 | Q10: 0 | R10: 5 | S10: 5 | T10: 5 | U10: 5 | V10: 5 | W10: 5
A11: Kostenmodel | B11: Prijs / TCO | D11: Een voorspelbaar bedrag per maand is een vereiste (max ~10% variatie) | E11: ja | F11: 1 | G11: =P11*$B$29*$F11 -> 10 | H11: =Q11*$B$29*$F11 -> 10 | I11: =R11*$B$29*$F11 -> 10 | J11: =S11*$B$29*$F11 -> 10 | K11: =T11*$B$29*$F11 -> 0 | L11: =U11*$B$29*$F11 -> 10 | M11: =V11*$B$29*$F11 -> 0 | N11: =W11*$B$29*$F11 -> 10 | P11: 5 | Q11: 5 | R11: 5 | S11: 5 | T11: 0 | U11: 5 | V11: 0 | W11: 5
A12: Operationele complexiteit | B12: Community / vaardigheden | D12: Beschikt je organisatie over voldoende specialisten om de oplossing te ontwikkelen en beheren? | E12: ja | F12: 1 | G12: =P12*$B$29*$F12 -> 0 | H12: =Q12*$B$29*$F12 -> 0 | I12: =R12*$B$29*$F12 -> 0 | J12: =S12*$B$29*$F12 -> 0 | K12: =T12*$B$29*$F12 -> 0 | L12: =U12*$B$29*$F12 -> 0 | M12: =V12*$B$29*$F12 -> 0 | N12: =W12*$B$29*$F12 -> 0
A13: Operationele complexiteit | B13: Community / vaardigheden | C13: Beschikbare skills & ecosysteem | D13: Verwacht u extra specialisten te moeten inschakelen voor de realisatie van de oplossing? | E13: ja | F13: 1 | G13: =P13*$B$29*$F13 -> 0 | H13: =Q13*$B$29*$F13 -> 10 | I13: =R13*$B$29*$F13 -> 0 | J13: =S13*$B$29*$F13 -> 10 | K13: =T13*$B$29*$F13 -> 6 | L13: =U13*$B$29*$F13 -> 10 | M13: =V13*$B$29*$F13 -> 10 | N13: =W13*$B$29*$F13 -> 10 | P13: 0 | Q13: 5 | R13: 0 | S13: 5 | T13: 3 | U13: 5 | V13: 5 | W13: 5
A14: Operationele complexiteit | B14: Community / vaardigheden | D14: Volwaardige support is een vereiste voor een af te nemen product | E14: ja | F14: 1 | G14: =P14*$B$29*$F14 -> 2 | H14: =Q14*$B$29*$F14 -> 10 | I14: =R14*$B$29*$F14 -> 4 | J14: =S14*$B$29*$F14 -> 10 | K14: =T14*$B$29*$F14 -> 6 | L14: =U14*$B$29*$F14 -> 10 | M14: =V14*$B$29*$F14 -> 10 | N14: =W14*$B$29*$F14 -> 10 | P14: 1 | Q14: 5 | R14: 2 | S14: 5 | T14: 3 | U14: 5 | V14: 5 | W14: 5
A15: Operationele complexiteit | B15: Community / vaardigheden | D15: Er is een omvangrijke community voor dit type oplossing | E15: ja | F15: 1 | G15: =P15*$B$29*$F15 -> 0 | H15: =Q15*$B$29*$F15 -> 10 | I15: =R15*$B$29*$F15 -> 0 | J15: =S15*$B$29*$F15 -> 10 | K15: =T15*$B$29*$F15 -> 2 | L15: =U15*$B$29*$F15 -> 10 | M15: =V15*$B$29*$F15 -> 10 | N15: =W15*$B$29*$F15 -> 10 | P15: 0 | Q15: 5 | R15: 0 | S15: 5 | T15: 1 | U15: 5 | V15: 5 | W15: 5
A16: Operationele complexiteit | C16: Hosting LLM | D16: De LLM dient lokaal gehost te worden om maximale controle over de data te waarborgen | E16: ja | F16: 1 | G16: =P16*$B$29*$F16 -> 10 | H16: =Q16*$B$29*$F16 -> 10 | I16: =R16*$B$29*$F16 -> 6 | J16: =S16*$B$29*$F16 -> 10 | K16: =T16*$B$29*$F16 -> 0 | L16: =U16*$B$29*$F16 -> 10 | M16: =V16*$B$29*$F16 -> 0 | N16: =W16*$B$29*$F16 -> 10 | O16: Data op cloudomgeving = geen maximale controle dus knock-out voor EU + Hyperscaler | P16: 5 | Q16: 5 | R16: 3 | S16: 5 | T16: 0 | U16: 5 | V16: 0 | W16: 5
A17: Agility | B17: Innovatie & schaalbaarheid | C17: Snel toegang tot nieuwe tech & opschaling | D17: Is toegang tot de nieuwste foundation-models vereist? | E17: ja | F17: 1 | G17: =P17*$B$29*$F17 -> 2 | H17: =Q17*$B$29*$F17 -> 10 | I17: =R17*$B$29*$F17 -> 2 | J17: =S17*$B$29*$F17 -> 10 | K17: =T17*$B$29*$F17 -> 6 | L17: =U17*$B$29*$F17 -> 10 | M17: =V17*$B$29*$F17 -> 10 | N17: =W17*$B$29*$F17 -> 10 | P17: 1 | Q17: 5 | R17: 1 | S17: 5 | T17: 3 | U17: 5 | V17: 5 | W17: 5
A18: Agility | B18: Innovatie & schaalbaarheid | D18: Is automatische schaalvergroting bij pieken gewenst? | E18: ja | F18: 1 | G18: =P18*$B$29*$F18 -> 2 | H18: =Q18*$B$29*$F18 -> 10 | I18: =R18*$B$29*$F18 -> 2 | J18: =S18*$B$29*$F18 -> 10 | K18: =T18*$B$29*$F18 -> 6 | L18: =U18*$B$29*$F18 -> 10 | M18: =V18*$B$29*$F18 -> 10 | N18: =W18*$B$29*$F18 -> 10 | P18: 1 | Q18: 5 | R18: 1 | S18: 5 | T18: 3 | U18: 5 | V18: 5 | W18: 5
A19: Risk & Trust | B19: Data-soevereiniteit | C19: Fysieke & juridische locatie van data | D19: De data dient enkel onderhevig te zijn aan Europese of Nederlandse wetgeving | E19: ja | F19: 1 | G19: =P19*$B$29*$F19 -> 10 | H19: =Q19*$B$29*$F19 -> 10 | I19: =R19*$B$29*$F19 -> 10 | J19: =S19*$B$29*$F19 -> 10 | K19: =T19*$B$29*$F19 -> 10 | L19: =U19*$B$29*$F19 -> 10 | M19: =V19*$B$29*$F19 -> 0 | N19: =W19*$B$29*$F19 -> 10 | O19: Enkel EU/NL wetgeving = geen hyperscale | P19: 5 | Q19: 5 | R19: 5 | S19: 5 | T19: 5 | U19: 5 | V19: 0 | W19: 5
A20: Operationele complexiteit | B20: Integratie-complexiteit | C20: Moeilijkheid van implementatie & beheer | D20: Wilt u vooral kant-en-klare managed services? | E20: ja | F20: 1 | G20: =P20*$B$29*$F20 -> 0 | H20: =Q20*$B$29*$F20 -> 10 | I20: =R20*$B$29*$F20 -> 2 | J20: =S20*$B$29*$F20 -> 10 | K20: =T20*$B$29*$F20 -> 6 | L20: =U20*$B$29*$F20 -> 10 | M20: =V20*$B$29*$F20 -> 10 | N20: =W20*$B$29*$F20 -> 10 | O20: On-prem = geen managed service dus knock-out | P20: 0 | Q20: 5 | R20: 1 | S20: 5 | T20: 3 | U20: 5 | V20: 5 | W20: 5
A21: Operationele complexiteit | B21: Integratie-complexiteit | D21: Is uw organisatie bereid om in beheer te investeren? | E21: ja | F21: 1 | G21: =P21*$B$29*$F21 -> 10 | H21: =Q21*$B$29*$F21 -> 0 | I21: =R21*$B$29*$F21 -> 10 | J21: =S21*$B$29*$F21 -> 2 | K21: =T21*$B$29*$F21 -> 10 | L21: =U21*$B$29*$F21 -> 8 | M21: =V21*$B$29*$F21 -> 10 | N21: =W21*$B$29*$F21 -> 10 | P21: 5 | Q21: 0 | R21: 5 | S21: 1 | T21: 5 | U21: 4 | V21: 5 | W21: 5
A22: Risk & Trust | B22: Uptime / Weerbaarheid | C22: Beschikbaarheid van het product | D22: Het product dient minimaal 99,5% van de tijd beschikbaar/bereikbaar te zijn | E22: ja | F22: 1 | G22: =P22*$B$29*$F22 -> 0 | H22: =Q22*$B$29*$F22 -> 10 | I22: =R22*$B$29*$F22 -> 0 | J22: =S22*$B$29*$F22 -> 10 | K22: =T22*$B$29*$F22 -> 8 | L22: =U22*$B$29*$F22 -> 10 | M22: =V22*$B$29*$F22 -> 10 | N22: =W22*$B$29*$F22 -> 10 | P22: 0 | Q22: 5 | R22: 0 | S22: 5 | T22: 4 | U22: 5 | V22: 5 | W22: 5
A23: Risk & Trust | B23: Auditability & Compliance | C23: Controleerbaarheid & voldoen aan regelgeving | D23: Is een volledige audit op korte termijn vereist voordat de oplossing live kan gaan? | E23: ja | F23: 1 | G23: =P23*$B$29*$F23 -> 0 | H23: =Q23*$B$29*$F23 -> 10 | I23: =R23*$B$29*$F23 -> 0 | J23: =S23*$B$29*$F23 -> 10 | K23: =T23*$B$29*$F23 -> 6 | L23: =U23*$B$29*$F23 -> 10 | M23: =V23*$B$29*$F23 -> 6 | N23: =W23*$B$29*$F23 -> 10 | P23: 0 | Q23: 5 | R23: 0 | S23: 5 | T23: 3 | U23: 5 | V23: 3 | W23: 5
A24: Risk & Trust | B24: Netwerk & bereikbaarheid | C24: Netwerk | D24: Het product dient te allen tijde bereikbaar te zijn, ook zonder internet | E24: ja | F24: 1 | G24: =P24*$B$29*$F24 -> 10 | H24: =Q24*$B$29*$F24 -> 10 | I24: =R24*$B$29*$F24 -> 0 | J24: =S24*$B$29*$F24 -> 10 | K24: =T24*$B$29*$F24 -> 0 | L24: =U24*$B$29*$F24 -> 10 | M24: =V24*$B$29*$F24 -> 0 | N24: =W24*$B$29*$F24 -> 10 | P24: 5 | Q24: 5 | R24: 0 | S24: 5 | T24: 0 | U24: 5 | V24: 0 | W24: 5
A25: Risk & Trust | B25: Auditability & Compliance | C25: Monitoring | D25: Monitoring (logging, gebruiksstatistieken etc.) dient out-of-the-box beschikbaar te zijn | E25: ja | F25: 1 | G25: =P25*$B$29*$F25 -> 0 | H25: =Q25*$B$29*$F25 -> 10 | I25: =R25*$B$29*$F25 -> 0 | J25: =S25*$B$29*$F25 -> 10 | K25: =T25*$B$29*$F25 -> 6 | L25: =U25*$B$29*$F25 -> 10 | M25: =V25*$B$29*$F25 -> 10 | N25: =W25*$B$29*$F25 -> 10 | P25: 0 | Q25: 5 | R25: 0 | S25: 5 | T25: 3 | U25: 5 | V25: 5 | W25: 5
A26: Totaal Max | G26: =SUM(G3:G25) -> 108 | H26: =SUM(H3:H25) -> 180 | I26: =SUM(I3:I25) -> 94 | J26: =SUM(J3:J25) -> 192 | K26: =SUM(K3:K25) -> 136 | L26: =SUM(L3:L25) -> 204 | M26: =SUM(M3:M25) -> 158 | N26: =SUM(N3:N25) -> 218
A27: Totaal
A29: Waarde-multiplier | B29: 2
A30: knock-out

Sheet Aantekeningen
A1: Notities
A2: Vraag over scope of omvang. Gaat het om één use case in productie/experiment/PoC of om het neerzetten van een volledige GenAI fabriek / CoE?
A3: Uitgangspunt = 1. Headstart in productie bij klant, 2. Showcase om waarde te laten zien, 3. Complete GenAI voorziening / CoE
A4: Gewichten per vraag kunnen toekennen -> ik vind dit minder belangrijk(/2), neutral (= gelijk) of extra belangrijk (*2)
A5: Knock-out criterium toevoegen (- 100 punten of *0)
A6: Alle cijfers *2 om verschillen te benadrukken
A7: Controleren IF vragen leeg
A10: Feedback van Pouya
A11: Volgorde van de vragen
A12: Willen we ook opleiden, door tijdens het invullen kennis toe te voegen?
A13: Differentieren we nog per doelgroep?
A14: Bij welke gesprekken hebben we nu de grootste benefit?
... A16: Alignen met Bart Pustjens.
